{
  "results": [
    {
      "command": "make",
      "mean": 0.10137746901,
      "stddev": 0.012086003933108332,
      "median": 0.1014634998,
      "user": 0.04501207,
      "system": 0.05625983999999999,
      "min": 0.0762346853,
      "max": 0.12800004930000003,
      "times": [
        0.1230052503,
        0.11782432030000001,
        0.1135602163,
        0.12800004930000003,
        0.1075528383,
        0.1116339553,
        0.1250730123,
        0.0981105973,
        0.12209659730000001,
        0.1126296323,
        0.1141019853,
        0.1017834143,
        0.1066795953,
        0.12015490129999999,
        0.12779666730000003,
        0.0994137923,
        0.0969023193,
        0.0777486643,
        0.1080535403,
        0.1064870383,
        0.1075808453,
        0.0846916553,
        0.0762346853,
        0.0884915853,
        0.1143246433,
        0.11657099330000001,
        0.0910375593,
        0.0981410493,
        0.0908021203,
        0.0976884693,
        0.0822677643,
        0.0843849063,
        0.1113734423,
        0.0936597333,
        0.0999292313,
        0.1055998273,
        0.1089949493,
        0.0977917663,
        0.1045935343,
        0.0972290433,
        0.0793398203,
        0.10673323430000001,
        0.0978325543,
        0.0840426773,
        0.0948048733,
        0.1011435853,
        0.0979711923,
        0.1128559923,
        0.1028609463,
        0.1124534193,
        0.0980818923,
        0.0994046423,
        0.1035671963,
        0.1164736333,
        0.0876140113,
        0.0806131913,
        0.1098007243,
        0.0974865533,
        0.1036978013,
        0.0923087663,
        0.0936838993,
        0.1093299853,
        0.0997095063,
        0.0884501683,
        0.0949447693,
        0.0926526013,
        0.1143294633,
        0.1079369723,
        0.1059249453,
        0.0981177913,
        0.1160278273,
        0.0901462283,
        0.0810043803,
        0.0831461063,
        0.0919513813,
        0.0912570053,
        0.1044005593,
        0.1094702993,
        0.1042696733,
        0.09627429430000001,
        0.0934384023,
        0.1078145383,
        0.0991960223,
        0.1135835433,
        0.1169740563,
        0.1005450343,
        0.1068116673,
        0.1023905563,
        0.0986425193,
        0.1034561463,
        0.0893151693,
        0.0764012593,
        0.11635329430000001,
        0.1154445013,
        0.1075730233,
        0.0784070713,
        0.0954450513,
        0.1020460923,
        0.0818692423,
        0.1099289553
      ],
      "exit_codes": [
        0,
        0,
        0,
        0,
        0,
        0,
        0,
        0,
        0,
        0,
        0,
        0,
        0,
        0,
        0,
        0,
        0,
        0,
        0,
        0,
        0,
        0,
        0,
        0,
        0,
        0,
        0,
        0,
        0,
        0,
        0,
        0,
        0,
        0,
        0,
        0,
        0,
        0,
        0,
        0,
        0,
        0,
        0,
        0,
        0,
        0,
        0,
        0,
        0,
        0,
        0,
        0,
        0,
        0,
        0,
        0,
        0,
        0,
        0,
        0,
        0,
        0,
        0,
        0,
        0,
        0,
        0,
        0,
        0,
        0,
        0,
        0,
        0,
        0,
        0,
        0,
        0,
        0,
        0,
        0,
        0,
        0,
        0,
        0,
        0,
        0,
        0,
        0,
        0,
        0,
        0,
        0,
        0,
        0,
        0,
        0,
        0,
        0,
        0,
        0
      ]
    }
  ]
}
